Month,AvgDwpf,MonthName
1,23.335930607187112,Jan
2,25.400487848623442,Feb
3,31.875945578231292,Mar
4,41.6371295800828,Apr
5,53.49970371177256,May
6,62.04190384994508,Jun
7,66.79153145763269,Jul
8,66.02212507820788,Aug
9,60.081859223028054,Sep
10,48.61614179674708,Oct
11,37.14422532037741,Nov
12,28.667094117326208,Dec
